[
  {
    "model": "polls.choice",
    "pk": 34,
    "fields": {
      "poll": 13,
      "choice_text": "Past policy sport open especially where his clear.",
      "time": null
    }
  },
  {
    "model": "polls.choice",
    "pk": 35,
    "fields": {
      "poll": 13,
      "choice_text": "Administration visit guess TV street.",
      "time": null
    }
  },
  {
    "model": "polls.choice",
    "pk": 36,
    "fields": {
      "poll": 13,
      "choice_text": "Over less get wear believe realize.",
      "time": null
    }
  },
  {
    "model": "polls.choice",
    "pk": 37,
    "fields": {
      "poll": 14,
      "choice_text": "Life whether enjoy member laugh.",
      "time": null
    }
  },
  {
    "model": "polls.choice",
    "pk": 38,
    "fields": {
      "poll": 14,
      "choice_text": "Woman hold audience themselves wonder voice.",
      "time": null
    }
  },
  {
    "model": "polls.choice",
    "pk": 39,
    "fields": {
      "poll": 14,
      "choice_text": "Sport effect by ready.",
      "time": null
    }
  },
  {
    "model": "polls.choice",
    "pk": 40,
    "fields": {
      "poll": 14,
      "choice_text": "Bad after sound rather run improve.",
      "time": null
    }
  },
  {
    "model": "polls.choice",
    "pk": 41,
    "fields": {
      "poll": 15,
      "choice_text": "Policy perform structure edge manager piece around gas.",
      "time": null
    }
  },
  {
    "model": "polls.choice",
    "pk": 42,
    "fields": {
      "poll": 15,
      "choice_text": "She where record.",
      "time": null
    }
  },
  {
    "model": "polls.choice",
    "pk": 43,
    "fields": {
      "poll": 15,
      "choice_text": "Partner term necessary nor think.",
      "time": null
    }
  },
  {
    "model": "polls.choice",
    "pk": 44,
    "fields": {
      "poll": 16,
      "choice_text": "Because treatment concern there all above know administration.",
      "time": null
    }
  },
  {
    "model": "polls.choice",
    "pk": 45,
    "fields": {
      "poll": 16,
      "choice_text": "What federal hair.",
      "time": null
    }
  },
  {
    "model": "polls.choice",
    "pk": 46,
    "fields": {
      "poll": 17,
      "choice_text": "Artist their season reflect scientist true.",
      "time": null
    }
  },
  {
    "model": "polls.choice",
    "pk": 47,
    "fields": {
      "poll": 17,
      "choice_text": "Exist accept girl condition public listen.",
      "time": null
    }
  },
  {
    "model": "polls.choice",
    "pk": 48,
    "fields": {
      "poll": 17,
      "choice_text": "Just during loss truth data major consider.",
      "time": null
    }
  },
  {
    "model": "polls.choice",
    "pk": 49,
    "fields": {
      "poll": 17,
      "choice_text": "Option cup author source feel reach.",
      "time": null
    }
  },
  {
    "model": "polls.choice",
    "pk": 50,
    "fields": {
      "poll": 18,
      "choice_text": "Receive whom standard glass significant chance civil.",
      "time": null
    }
  },
  {
    "model": "polls.choice",
    "pk": 51,
    "fields": {
      "poll": 18,
      "choice_text": "Open plant window election technology.",
      "time": null
    }
  },
  {
    "model": "polls.choice",
    "pk": 52,
    "fields": {
      "poll": 18,
      "choice_text": "Campaign strong PM exactly recognize process else.",
      "time": null
    }
  },
  {
    "model": "polls.choice",
    "pk": 53,
    "fields": {
      "poll": 18,
      "choice_text": "Leave source tend number draw door training still.",
      "time": null
    }
  },
  {
    "model": "polls.choice",
    "pk": 54,
    "fields": {
      "poll": 19,
      "choice_text": "Truth tell matter eat start.",
      "time": null
    }
  },
  {
    "model": "polls.choice",
    "pk": 55,
    "fields": {
      "poll": 19,
      "choice_text": "Such quality more model place.",
      "time": null
    }
  },
  {
    "model": "polls.choice",
    "pk": 56,
    "fields": {
      "poll": 19,
      "choice_text": "City agree how argue back kid raise likely.",
      "time": "3 16:15:14"
    }
  },
  {
    "model": "polls.choice",
    "pk": 57,
    "fields": {
      "poll": 19,
      "choice_text": "Always direction hit people success study.",
      "time": null
    }
  },
  {
    "model": "polls.choice",
    "pk": 58,
    "fields": {
      "poll": 19,
      "choice_text": "Poor mind on organization administration pass any.",
      "time": null
    }
  },
  {
    "model": "polls.choice",
    "pk": 59,
    "fields": {
      "poll": 20,
      "choice_text": "Total hot early hour before garden whose cost.",
      "time": null
    }
  },
  {
    "model": "polls.choice",
    "pk": 60,
    "fields": {
      "poll": 20,
      "choice_text": "Opportunity another service list behind up marriage.",
      "time": null
    }
  },
  {
    "model": "polls.choice",
    "pk": 61,
    "fields": {
      "poll": 20,
      "choice_text": "Develop peace force dream whatever draw once.",
      "time": "2 13:12:06"
    }
  },
  {
    "model": "polls.choice",
    "pk": 62,
    "fields": {
      "poll": 20,
      "choice_text": "Score democratic minute successful lose according.",
      "time": null
    }
  },
  {
    "model": "polls.choice",
    "pk": 63,
    "fields": {
      "poll": 20,
      "choice_text": "Role officer wish half who.",
      "time": null
    }
  },
  {
    "model": "polls.choice",
    "pk": 64,
    "fields": {
      "poll": 21,
      "choice_text": "Such wish hand reveal arm Congress.",
      "time": null
    }
  },
  {
    "model": "polls.choice",
    "pk": 65,
    "fields": {
      "poll": 21,
      "choice_text": "Approach those identify.",
      "time": null
    }
  },
  {
    "model": "polls.choice",
    "pk": 66,
    "fields": {
      "poll": 21,
      "choice_text": "Low available play despite kind name I.",
      "time": "1 13:12:06"
    }
  },
  {
    "model": "polls.choice",
    "pk": 67,
    "fields": {
      "poll": 21,
      "choice_text": "Provide lay still identify town law kitchen.",
      "time": null
    }
  },
  {
    "model": "polls.choice",
    "pk": 68,
    "fields": {
      "poll": 22,
      "choice_text": "Exactly against bed never any.",
      "time": null
    }
  },
  {
    "model": "polls.choice",
    "pk": 69,
    "fields": {
      "poll": 22,
      "choice_text": "Myself party mean.",
      "time": null
    }
  },
  {
    "model": "polls.choice",
    "pk": 70,
    "fields": {
      "poll": 22,
      "choice_text": "Recently never large foot else defense hour.",
      "time": null
    }
  },
  {
    "model": "polls.choice",
    "pk": 71,
    "fields": {
      "poll": 22,
      "choice_text": "School cultural of see quite out point.",
      "time": "13:12:06"
    }
  },
  {
    "model": "auth.permission",
    "pk": 1,
    "fields": {
      "name": "Can add log entry",
      "content_type": 1,
      "codename": "add_logentry"
    }
  },
  {
    "model": "auth.permission",
    "pk": 2,
    "fields": {
      "name": "Can change log entry",
      "content_type": 1,
      "codename": "change_logentry"
    }
  },
  {
    "model": "auth.permission",
    "pk": 3,
    "fields": {
      "name": "Can delete log entry",
      "content_type": 1,
      "codename": "delete_logentry"
    }
  },
  {
    "model": "auth.permission",
    "pk": 4,
    "fields": {
      "name": "Can view log entry",
      "content_type": 1,
      "codename": "view_logentry"
    }
  },
  {
    "model": "auth.permission",
    "pk": 5,
    "fields": {
      "name": "Can add permission",
      "content_type": 2,
      "codename": "add_permission"
    }
  },
  {
    "model": "auth.permission",
    "pk": 6,
    "fields": {
      "name": "Can change permission",
      "content_type": 2,
      "codename": "change_permission"
    }
  },
  {
    "model": "auth.permission",
    "pk": 7,
    "fields": {
      "name": "Can delete permission",
      "content_type": 2,
      "codename": "delete_permission"
    }
  },
  {
    "model": "auth.permission",
    "pk": 8,
    "fields": {
      "name": "Can view permission",
      "content_type": 2,
      "codename": "view_permission"
    }
  },
  {
    "model": "auth.permission",
    "pk": 9,
    "fields": {
      "name": "Can add group",
      "content_type": 3,
      "codename": "add_group"
    }
  },
  {
    "model": "auth.permission",
    "pk": 10,
    "fields": {
      "name": "Can change group",
      "content_type": 3,
      "codename": "change_group"
    }
  },
  {
    "model": "auth.permission",
    "pk": 11,
    "fields": {
      "name": "Can delete group",
      "content_type": 3,
      "codename": "delete_group"
    }
  },
  {
    "model": "auth.permission",
    "pk": 12,
    "fields": {
      "name": "Can view group",
      "content_type": 3,
      "codename": "view_group"
    }
  },
  {
    "model": "auth.permission",
    "pk": 13,
    "fields": {
      "name": "Can add user",
      "content_type": 4,
      "codename": "add_user"
    }
  },
  {
    "model": "auth.permission",
    "pk": 14,
    "fields": {
      "name": "Can change user",
      "content_type": 4,
      "codename": "change_user"
    }
  },
  {
    "model": "auth.permission",
    "pk": 15,
    "fields": {
      "name": "Can delete user",
      "content_type": 4,
      "codename": "delete_user"
    }
  },
  {
    "model": "auth.permission",
    "pk": 16,
    "fields": {
      "name": "Can view user",
      "content_type": 4,
      "codename": "view_user"
    }
  },
  {
    "model": "auth.permission",
    "pk": 17,
    "fields": {
      "name": "Can add content type",
      "content_type": 5,
      "codename": "add_contenttype"
    }
  },
  {
    "model": "auth.permission",
    "pk": 18,
    "fields": {
      "name": "Can change content type",
      "content_type": 5,
      "codename": "change_contenttype"
    }
  },
  {
    "model": "auth.permission",
    "pk": 19,
    "fields": {
      "name": "Can delete content type",
      "content_type": 5,
      "codename": "delete_contenttype"
    }
  },
  {
    "model": "auth.permission",
    "pk": 20,
    "fields": {
      "name": "Can view content type",
      "content_type": 5,
      "codename": "view_contenttype"
    }
  },
  {
    "model": "auth.permission",
    "pk": 21,
    "fields": {
      "name": "Can add session",
      "content_type": 6,
      "codename": "add_session"
    }
  },
  {
    "model": "auth.permission",
    "pk": 22,
    "fields": {
      "name": "Can change session",
      "content_type": 6,
      "codename": "change_session"
    }
  },
  {
    "model": "auth.permission",
    "pk": 23,
    "fields": {
      "name": "Can delete session",
      "content_type": 6,
      "codename": "delete_session"
    }
  },
  {
    "model": "auth.permission",
    "pk": 24,
    "fields": {
      "name": "Can view session",
      "content_type": 6,
      "codename": "view_session"
    }
  },
  {
    "model": "auth.permission",
    "pk": 25,
    "fields": {
      "name": "Can add cheese",
      "content_type": 7,
      "codename": "add_cheese"
    }
  },
  {
    "model": "auth.permission",
    "pk": 26,
    "fields": {
      "name": "Can change cheese",
      "content_type": 7,
      "codename": "change_cheese"
    }
  },
  {
    "model": "auth.permission",
    "pk": 27,
    "fields": {
      "name": "Can delete cheese",
      "content_type": 7,
      "codename": "delete_cheese"
    }
  },
  {
    "model": "auth.permission",
    "pk": 28,
    "fields": {
      "name": "Can view cheese",
      "content_type": 7,
      "codename": "view_cheese"
    }
  },
  {
    "model": "auth.permission",
    "pk": 29,
    "fields": {
      "name": "Can add choice",
      "content_type": 8,
      "codename": "add_choice"
    }
  },
  {
    "model": "auth.permission",
    "pk": 30,
    "fields": {
      "name": "Can change choice",
      "content_type": 8,
      "codename": "change_choice"
    }
  },
  {
    "model": "auth.permission",
    "pk": 31,
    "fields": {
      "name": "Can delete choice",
      "content_type": 8,
      "codename": "delete_choice"
    }
  },
  {
    "model": "auth.permission",
    "pk": 32,
    "fields": {
      "name": "Can view choice",
      "content_type": 8,
      "codename": "view_choice"
    }
  },
  {
    "model": "auth.permission",
    "pk": 33,
    "fields": {
      "name": "Can add poll",
      "content_type": 9,
      "codename": "add_poll"
    }
  },
  {
    "model": "auth.permission",
    "pk": 34,
    "fields": {
      "name": "Can change poll",
      "content_type": 9,
      "codename": "change_poll"
    }
  },
  {
    "model": "auth.permission",
    "pk": 35,
    "fields": {
      "name": "Can delete poll",
      "content_type": 9,
      "codename": "delete_poll"
    }
  },
  {
    "model": "auth.permission",
    "pk": 36,
    "fields": {
      "name": "Can view poll",
      "content_type": 9,
      "codename": "view_poll"
    }
  },
  {
    "model": "auth.permission",
    "pk": 37,
    "fields": {
      "name": "Can add vote",
      "content_type": 10,
      "codename": "add_vote"
    }
  },
  {
    "model": "auth.permission",
    "pk": 38,
    "fields": {
      "name": "Can change vote",
      "content_type": 10,
      "codename": "change_vote"
    }
  },
  {
    "model": "auth.permission",
    "pk": 39,
    "fields": {
      "name": "Can delete vote",
      "content_type": 10,
      "codename": "delete_vote"
    }
  },
  {
    "model": "auth.permission",
    "pk": 40,
    "fields": {
      "name": "Can view vote",
      "content_type": 10,
      "codename": "view_vote"
    }
  },
  {
    "model": "auth.permission",
    "pk": 41,
    "fields": {
      "name": "Can add campaign",
      "content_type": 11,
      "codename": "add_campaign"
    }
  },
  {
    "model": "auth.permission",
    "pk": 42,
    "fields": {
      "name": "Can change campaign",
      "content_type": 11,
      "codename": "change_campaign"
    }
  },
  {
    "model": "auth.permission",
    "pk": 43,
    "fields": {
      "name": "Can delete campaign",
      "content_type": 11,
      "codename": "delete_campaign"
    }
  },
  {
    "model": "auth.permission",
    "pk": 44,
    "fields": {
      "name": "Can view campaign",
      "content_type": 11,
      "codename": "view_campaign"
    }
  },
  {
    "model": "auth.group",
    "pk": 1,
    "fields": {
      "name": "test_group",
      "permissions": [
        1,
        2,
        3,
        4,
        12,
        8,
        16,
        17,
        18,
        19,
        20,
        41,
        42,
        43,
        44,
        25,
        26,
        27,
        28,
        29,
        30,
        31,
        32,
        33,
        34,
        35,
        36,
        37,
        38,
        39,
        40,
        21,
        22,
        23,
        24
      ]
    }
  },
  {
    "model": "auth.user",
    "pk": 1,
    "fields": {
      "password": "pbkdf2_sha256$180000$mYnpAzKcpWry$7SOQz/v8GDAsSiyBYWwa6PoWefi8Kpv/1fE2pwEzw0I=",
      "last_login": "2020-06-11T10:42:04.837Z",
      "is_superuser": true,
      "username": "test@test.com",
      "first_name": "",
      "last_name": "",
      "email": "test@test.com",
      "is_staff": true,
      "is_active": true,
      "date_joined": "2020-05-19T19:15:27.259Z",
      "groups": [],
      "user_permissions": []
    }
  },
  {
    "model": "auth.user",
    "pk": 8,
    "fields": {
      "password": "pbkdf2_sha256$180000$qEB1HEgUjWly$s3/1BjChQqfRd6UytuvE+o2FziBKqLITBoCkmamboLU=",
      "last_login": "2020-05-23T10:04:28Z",
      "is_superuser": false,
      "username": "test2@test.com",
      "first_name": "Tracy",
      "last_name": "Mason",
      "email": "Tracy.Mason@fakermail.com",
      "is_staff": true,
      "is_active": true,
      "date_joined": "2020-05-19T19:17:06Z",
      "groups": [],
      "user_permissions": [
        1,
        2,
        3,
        4,
        9,
        10,
        11,
        12,
        5,
        6,
        7,
        8,
        13,
        14,
        15,
        16,
        17,
        18,
        19,
        20,
        25,
        27,
        28,
        29,
        30,
        31,
        32,
        33,
        34,
        35,
        36,
        21,
        22,
        23,
        24
      ]
    }
  },
  {
    "model": "auth.user",
    "pk": 12,
    "fields": {
      "password": "pbkdf2_sha256$180000$9GGSuA04UnCc$coVVUGIEcr0SUGgx5T+bAQOjfVCnwKXy9vxQLvKbvIU=",
      "last_login": null,
      "is_superuser": false,
      "username": "BryanGutierrez",
      "first_name": "Bryan",
      "last_name": "Gutierrez",
      "email": "Bryan.Gutierrez@fakermail.com",
      "is_staff": false,
      "is_active": true,
      "date_joined": "2020-06-04T15:07:40.321Z",
      "groups": [],
      "user_permissions": []
    }
  },
  {
    "model": "auth.user",
    "pk": 13,
    "fields": {
      "password": "pbkdf2_sha256$180000$n7krL8K796q3$pv8WAafcQke53fnF7C8fXyvx8v7QTfenUEMtuHqjrb8=",
      "last_login": null,
      "is_superuser": false,
      "username": "EmmaShah",
      "first_name": "Emma",
      "last_name": "Shah",
      "email": "Emma.Shah@fakermail.com",
      "is_staff": false,
      "is_active": true,
      "date_joined": "2020-06-04T15:07:40.418Z",
      "groups": [],
      "user_permissions": []
    }
  },
  {
    "model": "auth.user",
    "pk": 14,
    "fields": {
      "password": "pbkdf2_sha256$180000$8SNFLS6B5tYg$nOh+4iHhLGQ+mQj9hTw88PeKdkce+48uTBjAJ81R0x4=",
      "last_login": null,
      "is_superuser": false,
      "username": "TylerBell",
      "first_name": "Tyler",
      "last_name": "Bell",
      "email": "Tyler.Bell@fakermail.com",
      "is_staff": false,
      "is_active": true,
      "date_joined": "2020-06-04T15:07:40.509Z",
      "groups": [],
      "user_permissions": []
    }
  },
  {
    "model": "auth.user",
    "pk": 15,
    "fields": {
      "password": "pbkdf2_sha256$180000$soDjIGU2FDz7$KkC/rbApOQ/zYoAebeRB42S5Ge2POHXz9rQPU+smY4M=",
      "last_login": null,
      "is_superuser": false,
      "username": "RicardoMitchell",
      "first_name": "Ricardo",
      "last_name": "Mitchell",
      "email": "Ricardo.Mitchell@fakermail.com",
      "is_staff": false,
      "is_active": true,
      "date_joined": "2020-06-04T15:07:40.601Z",
      "groups": [],
      "user_permissions": []
    }
  },
  {
    "model": "auth.user",
    "pk": 16,
    "fields": {
      "password": "pbkdf2_sha256$180000$EVOOuNu62xBL$z61EgmZV1y0/UGNG/196jZn1IV1hQo9vkJAfx5Nsw5s=",
      "last_login": null,
      "is_superuser": false,
      "username": "ChristopherGarcia",
      "first_name": "Christopher",
      "last_name": "Garcia",
      "email": "Christopher.Garcia@fakermail.com",
      "is_staff": false,
      "is_active": true,
      "date_joined": "2020-06-04T15:07:40.691Z",
      "groups": [],
      "user_permissions": []
    }
  },
  {
    "model": "auth.user",
    "pk": 17,
    "fields": {
      "password": "pbkdf2_sha256$180000$VLuacaGiA1vs$tPAOa9rjLOxYfnVBTYTH3R9DDjrslXXPfYF9Me8FiE0=",
      "last_login": null,
      "is_superuser": false,
      "username": "WilliamBoyle",
      "first_name": "William",
      "last_name": "Boyle",
      "email": "William.Boyle@fakermail.com",
      "is_staff": false,
      "is_active": true,
      "date_joined": "2020-06-04T15:07:40.782Z",
      "groups": [],
      "user_permissions": []
    }
  },
  {
    "model": "auth.user",
    "pk": 18,
    "fields": {
      "password": "pbkdf2_sha256$180000$H4wh63GMKePx$dNbllLHhczoFAPWo1WOkR0luhxCuX1NtAsrxjNUWKT4=",
      "last_login": null,
      "is_superuser": false,
      "username": "MatthewYu",
      "first_name": "Matthew",
      "last_name": "Yu",
      "email": "Matthew.Yu@fakermail.com",
      "is_staff": false,
      "is_active": true,
      "date_joined": "2020-06-04T15:07:40.874Z",
      "groups": [],
      "user_permissions": []
    }
  },
  {
    "model": "auth.user",
    "pk": 19,
    "fields": {
      "password": "pbkdf2_sha256$180000$t48Am1qKjtUv$r5/TDrgdheLiV7MWVWI7WNKi5lnzWukvbSK4vZUDuMA=",
      "last_login": null,
      "is_superuser": false,
      "username": "MichelleNguyen",
      "first_name": "Michelle",
      "last_name": "Nguyen",
      "email": "Michelle.Nguyen@fakermail.com",
      "is_staff": false,
      "is_active": true,
      "date_joined": "2020-06-04T15:07:40.968Z",
      "groups": [],
      "user_permissions": []
    }
  },
  {
    "model": "auth.user",
    "pk": 20,
    "fields": {
      "password": "pbkdf2_sha256$180000$Ds9QjotBQL68$zTLasmG/CgtOze7XOhMJqj+l17MV8/SU7HNZoEYZkkE=",
      "last_login": null,
      "is_superuser": false,
      "username": "PatrickEstrada",
      "first_name": "Patrick",
      "last_name": "Estrada",
      "email": "Patrick.Estrada@fakermail.com",
      "is_staff": false,
      "is_active": true,
      "date_joined": "2020-06-04T15:07:41.059Z",
      "groups": [],
      "user_permissions": []
    }
  },
  {
    "model": "auth.user",
    "pk": 21,
    "fields": {
      "password": "pbkdf2_sha256$180000$njy0tmIqXI8I$oVGm49Un+tPJABN7ZFUsnlEhKc3bZYys8vWOXtgezEg=",
      "last_login": null,
      "is_superuser": false,
      "username": "JefferyCarlson",
      "first_name": "Jeffery",
      "last_name": "Carlson",
      "email": "Jeffery.Carlson@fakermail.com",
      "is_staff": false,
      "is_active": true,
      "date_joined": "2020-06-04T15:07:41.150Z",
      "groups": [],
      "user_permissions": []
    }
  },
  {
    "model": "polls.poll",
    "pk": 12,
    "fields": {
      "owner": 1,
      "text": "Care week society young.",
      "pub_date": "2020-05-19T19:17:06Z",
      "active": true
    }
  },
  {
    "model": "polls.poll",
    "pk": 13,
    "fields": {
      "owner": 21,
      "text": "Firm onto speech.",
      "pub_date": "2020-06-04T15:07:41.242Z",
      "active": true
    }
  },
  {
    "model": "polls.poll",
    "pk": 14,
    "fields": {
      "owner": 12,
      "text": "Gas try tend value force. Important my worker television. Pass today check guy early attack month hot. Draw technology else much.",
      "pub_date": "2020-06-04T15:07:41.276Z",
      "active": true
    }
  },
  {
    "model": "polls.poll",
    "pk": 15,
    "fields": {
      "owner": 19,
      "text": "Car whole role Mrs figure talk computer. Record majority sort. New its test day reduce season.",
      "pub_date": "2020-06-04T15:07:41.298Z",
      "active": true
    }
  },
  {
    "model": "polls.poll",
    "pk": 16,
    "fields": {
      "owner": 13,
      "text": "Ok open from lot article play. Arm involve her behavior without minute outside.",
      "pub_date": "2020-06-04T15:07:41.317Z",
      "active": true
    }
  },
  {
    "model": "polls.poll",
    "pk": 17,
    "fields": {
      "owner": 17,
      "text": "Sort rather model culture protect. Game religious where kid deep lot.",
      "pub_date": "2020-06-04T15:07:41.330Z",
      "active": true
    }
  },
  {
    "model": "polls.poll",
    "pk": 18,
    "fields": {
      "owner": 1,
      "text": "Available land enjoy head somebody. Little by husband test image notice. Much might need.",
      "pub_date": "2020-06-04T15:07:41.353Z",
      "active": true
    }
  },
  {
    "model": "polls.poll",
    "pk": 19,
    "fields": {
      "owner": 20,
      "text": "National office nation religious. Condition tree general possible nearly specific left.",
      "pub_date": "2020-06-04T15:07:41.376Z",
      "active": true
    }
  },
  {
    "model": "polls.poll",
    "pk": 20,
    "fields": {
      "owner": 1,
      "text": "Agreement better however. Writer education three mean beautiful contain address.",
      "pub_date": "2020-06-04T15:07:41.404Z",
      "active": true
    }
  },
  {
    "model": "polls.poll",
    "pk": 21,
    "fields": {
      "owner": 21,
      "text": "Recognize security consider yourself. Cell close dinner new. Smile life down administration by.",
      "pub_date": "2020-06-04T15:07:41.429Z",
      "active": true
    }
  },
  {
    "model": "polls.poll",
    "pk": 22,
    "fields": {
      "owner": 13,
      "text": "Industry consider they magazine order stop certainly able. Bank I above.",
      "pub_date": "2020-06-04T15:07:41.452Z",
      "active": true
    }
  },
  {
    "model": "polls.vote",
    "pk": 111,
    "fields": {
      "user": 12,
      "poll": 12,
      "choice": 34
    }
  },
  {
    "model": "admin.logentry",
    "pk": 1,
    "fields": {
      "action_time": "2020-05-21T18:59:22.269Z",
      "user": 1,
      "content_type": 7,
      "object_id": "11",
      "object_repr": "test",
      "action_flag": 1,
      "change_message": "[{\"added\": {}}, {\"added\": {\"name\": \"choice\", \"object\": \"test-a\"}}, {\"added\": {\"name\": \"choice\", \"object\": \"test-v\"}}, {\"added\": {\"name\": \"choice\", \"object\": \"test-c\"}}]"
    }
  },
  {
    "model": "admin.logentry",
    "pk": 2,
    "fields": {
      "action_time": "2020-05-21T18:59:31.241Z",
      "user": 1,
      "content_type": 7,
      "object_id": "11",
      "object_repr": "test",
      "action_flag": 2,
      "change_message": "[]"
    }
  },
  {
    "model": "admin.logentry",
    "pk": 3,
    "fields": {
      "action_time": "2020-05-21T18:59:42.276Z",
      "user": 1,
      "content_type": 7,
      "object_id": "11",
      "object_repr": "test",
      "action_flag": 2,
      "change_message": "[]"
    }
  },
  {
    "model": "admin.logentry",
    "pk": 4,
    "fields": {
      "action_time": "2020-05-21T19:06:06.171Z",
      "user": 1,
      "content_type": 7,
      "object_id": "11",
      "object_repr": "test",
      "action_flag": 3,
      "change_message": ""
    }
  },
  {
    "model": "admin.logentry",
    "pk": 5,
    "fields": {
      "action_time": "2020-05-22T08:54:14.866Z",
      "user": 1,
      "content_type": 4,
      "object_id": "11",
      "object_repr": "AnnBender",
      "action_flag": 3,
      "change_message": ""
    }
  },
  {
    "model": "admin.logentry",
    "pk": 6,
    "fields": {
      "action_time": "2020-05-22T08:54:14.876Z",
      "user": 1,
      "content_type": 4,
      "object_id": "10",
      "object_repr": "DanielBurnett",
      "action_flag": 3,
      "change_message": ""
    }
  },
  {
    "model": "admin.logentry",
    "pk": 7,
    "fields": {
      "action_time": "2020-05-22T08:54:14.885Z",
      "user": 1,
      "content_type": 4,
      "object_id": "4",
      "object_repr": "DorothyGibson",
      "action_flag": 3,
      "change_message": ""
    }
  },
  {
    "model": "admin.logentry",
    "pk": 8,
    "fields": {
      "action_time": "2020-05-22T08:54:14.894Z",
      "user": 1,
      "content_type": 4,
      "object_id": "6",
      "object_repr": "JamesClarke",
      "action_flag": 3,
      "change_message": ""
    }
  },
  {
    "model": "admin.logentry",
    "pk": 9,
    "fields": {
      "action_time": "2020-05-22T08:54:14.903Z",
      "user": 1,
      "content_type": 4,
      "object_id": "7",
      "object_repr": "KarenSmith",
      "action_flag": 3,
      "change_message": ""
    }
  },
  {
    "model": "admin.logentry",
    "pk": 10,
    "fields": {
      "action_time": "2020-05-22T08:54:14.912Z",
      "user": 1,
      "content_type": 4,
      "object_id": "2",
      "object_repr": "MelissaJones",
      "action_flag": 3,
      "change_message": ""
    }
  },
  {
    "model": "admin.logentry",
    "pk": 11,
    "fields": {
      "action_time": "2020-05-22T08:54:14.921Z",
      "user": 1,
      "content_type": 4,
      "object_id": "3",
      "object_repr": "NicholasMccarthy",
      "action_flag": 3,
      "change_message": ""
    }
  },
  {
    "model": "admin.logentry",
    "pk": 12,
    "fields": {
      "action_time": "2020-05-22T08:54:14.930Z",
      "user": 1,
      "content_type": 4,
      "object_id": "5",
      "object_repr": "PatrickSummers",
      "action_flag": 3,
      "change_message": ""
    }
  },
  {
    "model": "admin.logentry",
    "pk": 13,
    "fields": {
      "action_time": "2020-05-22T08:54:14.939Z",
      "user": 1,
      "content_type": 4,
      "object_id": "9",
      "object_repr": "SteveSerrano",
      "action_flag": 3,
      "change_message": ""
    }
  },
  {
    "model": "admin.logentry",
    "pk": 14,
    "fields": {
      "action_time": "2020-05-22T08:54:44.507Z",
      "user": 1,
      "content_type": 4,
      "object_id": "8",
      "object_repr": "TracyMason",
      "action_flag": 2,
      "change_message": "[{\"changed\": {\"fields\": [\"Staff status\"]}}]"
    }
  },
  {
    "model": "admin.logentry",
    "pk": 15,
    "fields": {
      "action_time": "2020-05-22T08:55:12.976Z",
      "user": 1,
      "content_type": 4,
      "object_id": "8",
      "object_repr": "TracyMason",
      "action_flag": 2,
      "change_message": "[{\"changed\": {\"fields\": [\"password\"]}}]"
    }
  },
  {
    "model": "admin.logentry",
    "pk": 16,
    "fields": {
      "action_time": "2020-05-22T08:55:25.229Z",
      "user": 1,
      "content_type": 4,
      "object_id": "8",
      "object_repr": "test2@test.com",
      "action_flag": 2,
      "change_message": "[{\"changed\": {\"fields\": [\"Username\"]}}]"
    }
  },
  {
    "model": "admin.logentry",
    "pk": 17,
    "fields": {
      "action_time": "2020-05-22T08:56:15.399Z",
      "user": 1,
      "content_type": 4,
      "object_id": "8",
      "object_repr": "test2@test.com",
      "action_flag": 2,
      "change_message": "[{\"changed\": {\"fields\": [\"User permissions\"]}}]"
    }
  },
  {
    "model": "admin.logentry",
    "pk": 18,
    "fields": {
      "action_time": "2020-05-22T08:56:32.925Z",
      "user": 1,
      "content_type": 4,
      "object_id": "8",
      "object_repr": "test2@test.com",
      "action_flag": 2,
      "change_message": "[{\"changed\": {\"fields\": [\"User permissions\"]}}]"
    }
  },
  {
    "model": "admin.logentry",
    "pk": 19,
    "fields": {
      "action_time": "2020-05-22T09:00:04.783Z",
      "user": 1,
      "content_type": 4,
      "object_id": "8",
      "object_repr": "test2@test.com",
      "action_flag": 2,
      "change_message": "[{\"changed\": {\"fields\": [\"User permissions\"]}}]"
    }
  },
  {
    "model": "admin.logentry",
    "pk": 20,
    "fields": {
      "action_time": "2020-05-22T09:02:37.032Z",
      "user": 1,
      "content_type": 4,
      "object_id": "8",
      "object_repr": "test2@test.com",
      "action_flag": 2,
      "change_message": "[{\"changed\": {\"fields\": [\"User permissions\"]}}]"
    }
  },
  {
    "model": "admin.logentry",
    "pk": 21,
    "fields": {
      "action_time": "2020-05-22T09:49:57.495Z",
      "user": 1,
      "content_type": 4,
      "object_id": "8",
      "object_repr": "test2@test.com",
      "action_flag": 2,
      "change_message": "[{\"changed\": {\"fields\": [\"User permissions\"]}}]"
    }
  },
  {
    "model": "admin.logentry",
    "pk": 22,
    "fields": {
      "action_time": "2020-05-22T09:53:35.127Z",
      "user": 8,
      "content_type": 7,
      "object_id": "2",
      "object_repr": "Care week society young.",
      "action_flag": 2,
      "change_message": "[]"
    }
  },
  {
    "model": "admin.logentry",
    "pk": 23,
    "fields": {
      "action_time": "2020-05-22T09:54:53.446Z",
      "user": 8,
      "content_type": 7,
      "object_id": "12",
      "object_repr": "Care week society young.",
      "action_flag": 1,
      "change_message": "[{\"added\": {}}]"
    }
  },
  {
    "model": "admin.logentry",
    "pk": 24,
    "fields": {
      "action_time": "2020-05-22T09:55:12.202Z",
      "user": 1,
      "content_type": 4,
      "object_id": "8",
      "object_repr": "test2@test.com",
      "action_flag": 2,
      "change_message": "[{\"changed\": {\"fields\": [\"User permissions\"]}}]"
    }
  },
  {
    "model": "admin.logentry",
    "pk": 25,
    "fields": {
      "action_time": "2020-05-22T09:56:06.669Z",
      "user": 1,
      "content_type": 4,
      "object_id": "8",
      "object_repr": "test2@test.com",
      "action_flag": 2,
      "change_message": "[{\"changed\": {\"fields\": [\"User permissions\"]}}]"
    }
  },
  {
    "model": "admin.logentry",
    "pk": 26,
    "fields": {
      "action_time": "2020-05-22T09:59:11.370Z",
      "user": 1,
      "content_type": 4,
      "object_id": "8",
      "object_repr": "test2@test.com",
      "action_flag": 2,
      "change_message": "[{\"changed\": {\"fields\": [\"User permissions\"]}}]"
    }
  },
  {
    "model": "admin.logentry",
    "pk": 27,
    "fields": {
      "action_time": "2020-05-22T16:33:49.766Z",
      "user": 1,
      "content_type": 7,
      "object_id": "12",
      "object_repr": "Care week society young.",
      "action_flag": 2,
      "change_message": "[]"
    }
  },
  {
    "model": "admin.logentry",
    "pk": 28,
    "fields": {
      "action_time": "2020-05-23T10:09:17.032Z",
      "user": 1,
      "content_type": 4,
      "object_id": "8",
      "object_repr": "test2@test.com",
      "action_flag": 2,
      "change_message": "[{\"changed\": {\"fields\": [\"User permissions\"]}}]"
    }
  },
  {
    "model": "admin.logentry",
    "pk": 29,
    "fields": {
      "action_time": "2020-05-23T15:48:33.311Z",
      "user": 1,
      "content_type": 4,
      "object_id": "8",
      "object_repr": "test2@test.com",
      "action_flag": 2,
      "change_message": "[{\"changed\": {\"fields\": [\"User permissions\"]}}]"
    }
  },
  {
    "model": "admin.logentry",
    "pk": 30,
    "fields": {
      "action_time": "2020-05-23T16:10:51.689Z",
      "user": 1,
      "content_type": 4,
      "object_id": "8",
      "object_repr": "test2@test.com",
      "action_flag": 2,
      "change_message": "[{\"changed\": {\"fields\": [\"User permissions\"]}}]"
    }
  },
  {
    "model": "admin.logentry",
    "pk": 31,
    "fields": {
      "action_time": "2020-05-23T16:11:13.964Z",
      "user": 1,
      "content_type": 4,
      "object_id": "8",
      "object_repr": "test2@test.com",
      "action_flag": 2,
      "change_message": "[{\"changed\": {\"fields\": [\"User permissions\"]}}]"
    }
  },
  {
    "model": "admin.logentry",
    "pk": 32,
    "fields": {
      "action_time": "2020-06-04T13:25:45.086Z",
      "user": 1,
      "content_type": 7,
      "object_id": "2",
      "object_repr": "Care week society young.",
      "action_flag": 3,
      "change_message": ""
    }
  },
  {
    "model": "admin.logentry",
    "pk": 33,
    "fields": {
      "action_time": "2020-06-11T14:56:42.849Z",
      "user": 1,
      "content_type": 4,
      "object_id": "8",
      "object_repr": "test2@test.com",
      "action_flag": 2,
      "change_message": "[{\"changed\": {\"fields\": [\"password\"]}}]"
    }
  },
  {
    "model": "admin.logentry",
    "pk": 34,
    "fields": {
      "action_time": "2020-06-11T14:57:27.907Z",
      "user": 1,
      "content_type": 4,
      "object_id": "8",
      "object_repr": "test2@test.com",
      "action_flag": 2,
      "change_message": "[{\"changed\": {\"fields\": [\"User permissions\", \"Last login\"]}}]"
    }
  },
  {
    "model": "admin.logentry",
    "pk": 35,
    "fields": {
      "action_time": "2020-06-11T15:10:07.518Z",
      "user": 1,
      "content_type": 4,
      "object_id": "8",
      "object_repr": "test2@test.com",
      "action_flag": 2,
      "change_message": "[{\"changed\": {\"fields\": [\"User permissions\"]}}]"
    }
  },
  {
    "model": "admin.logentry",
    "pk": 36,
    "fields": {
      "action_time": "2020-06-13T18:51:22.427Z",
      "user": 1,
      "content_type": 9,
      "object_id": "111",
      "object_repr": "111",
      "action_flag": 1,
      "change_message": "[{\"added\": {}}]"
    }
  },
  {
    "model": "admin.logentry",
    "pk": 37,
    "fields": {
      "action_time": "2020-06-13T18:51:49.267Z",
      "user": 1,
      "content_type": 3,
      "object_id": "1",
      "object_repr": "test_group",
      "action_flag": 1,
      "change_message": "[{\"added\": {}}]"
    }
  }
]
